script	linhas	cobertura	achados	sha256
Hermes.bat	99	Triagem estática/textual		7fe5f179767835a9ce44a87912f541cbfcc83bd20dcbb115f5ae1db56d272395
HermesCleanup.ps1	44	Revisão dirigida + triagem		bdb3c84c5bd9d8a89e1460271e1e3a09bcc33fff7165880888ce9cbe0f0b1b85
Qwen3CoderNextBrain.bat	38	Triagem estática/textual		668b1b439e4b8937dd610793fd6245d59fd7e524e108684c104bf3095d6cc36a
SystemDoctor.bat	33	Triagem estática/textual		e473b936a8b632ff8a6d707682c05fcd92643b32d2190cf55bacee2c1fc5fba1
_arquivo/_bench_extract.py	30	Triagem estática/textual		38b0b6432d3bd99517e857bcec413e5d24cbaffc174777293ca2c5ef4c62d2e3
_arquivo/_gen_base640.py	13	Triagem estática/textual		f6fad0e91fa6ff4740417962ac67c7ee0c1efced0b80accf07688525fc70d542
_arquivo/_gen_princesa.py	38	Triagem estática/textual		f96f33fbd8933dd5a0c29ed58ef26981962ab23b524cf02d0673ac1dd5c5834e
_arquivo/_gen_twostage.py	16	Triagem estática/textual		9edf7e04855bdad94fbf3d76e202e770a418a67189465e6f949ed727c766c738
_arquivo/_patch_screenplay.py	22	Triagem estática/textual		fb726570e67e88f4ecd32aeb84ebd366bbd714e17a3fed0fc62a6ffcd1735ac0
_arquivo/_smoke_gguf.py	7	Triagem estática/textual		f8f0ae1aaf889d62b136b9e0f0fe77b75d86cd90f10c9227528ccbdbe2e86478
_arquivo/_smoke_v3.py	7	Triagem estática/textual		33e31bcb0547a5bdc684518583b7ffd172f392458b6812658ec50336cdd38e3e
_arquivo/_test_camera.py	28	Triagem estática/textual		8c086e778aaf7004adce0da28956aa12f2517d9c51ecd45d504fed635201aa60
_arquivo/_test_storyplay25_disney.py	52	Triagem estática/textual		bd1729658d7cc34c0dfbc23ca9c21be166f1bad38b502790d65361d84bc511e9
_arquivo/_test_storyplay25_e2e.py	51	Triagem estática/textual		1809298fd1602775b58ced5a5435baca134f55d52a2990485ee259fce5aa5c7b
_arquivo/v2_output_folder_test.py	20	Triagem estática/textual		49502cfd374d6378df50eedac2979a1299a63bb1a2e9375bb0fedfd14a352966
_atribuicao_338.py	130	Triagem estática/textual		bda07c122d17d8f6fb89fce07cfa1baf77e7fe593f29a12e7308c16c5a86bc6c
_make_25_uis.py	167	Triagem estática/textual		5c89e3448e70ba5005ebe9200bd7bb32c64eea1214b945fdd2fe4ff9dc404e31
_run_screenplay_batch.py	123	Triagem estática/textual		5f8e46c16571182a0f464fe69410487a171b7c1ef3ea3d86133d08080ca082bf
_screenplay_prompts.py	39	Triagem estática/textual		0d228549788be4dd5aef1d09b425511f08f45c96de5af828651ae117d6e6e36d
_test_longtake.py	54	Triagem estática/textual		7c2e6436450e49e9fa5d7b1621d7966962800e4441f1736da4b327cf6094f695
_test_lora_ab.py	78	Triagem estática/textual		1d047ef6944478ad0884d90fd59b2f12cadbae3ef65db7008daa21af7d4b90f8
_test_minimax_duration_cap.py	195	Triagem estática/textual		cb14ba816a25687ab9d9f745a837eaf5e18733d34c570756c339d6b8c2f78931
_test_nag_subtitles.py	175	Triagem estática/textual		18a2b5c1e7eccc0900d79b0ff035254cf3539d6bffb3b896e9016cb4d357a4b0
_test_noquotes.py	39	Triagem estática/textual		2178038c4d9bd29abf604b048809f8247544db66ed4a0187c51f3e4e9a057d1e
analyze_music.py	55	Triagem estática/textual		ce2a36a1e8ce53ed907d6e69510d3f805d514427499b5f91a6ea1f9168abd7c2
animar_corpo.py	91	Triagem estática/textual		4acc5663812806c3b9b5588eeb4a142fd54431c833f4014b6354e0cfbdc7a835
audio_fx.py	189	Triagem estática/textual		599b7e24c2afb9241015edd89dd522a7b29f0393b5ec8ccb3797fe3ca0127629
character3d_webui.py	189	Triagem estática/textual		30ee756ccd64ebc1c1934753e7a6e9d85a8d1ede81c2d1c32a5ed30e7aa2dff8
character_sheet_flux_webui.py	176	Triagem estática/textual		2a91d02664959c73a3a71b8f0719df1447b303a277ee23e7045065e026ccc917
comfy_gguf_patch.py	172	Triagem estática/textual		73b9b35e6064e043de3ddc0bcb6f1a7ccbec545ba56dc380ac659a5ca9e59454
comfy_ingredients_patch.py	166	Triagem estática/textual		36e87fe3fc4645162d719457462aa1f01e8cb504823435f2d878b0dd4ecfc11b
comfy_run.py	84	Triagem estática/textual		50caf6620dbe27c316b2e34c0d197e7ad1873d4ac73d98f72adde16c2453b5b6
comfy_union_depth_patch.py	146	Triagem estática/textual		1c92063a7eee990fa6a62fd2ab814fb600102667c9a851d5d56c6e46104164d1
comfy_union_ingredients_patch.py	157	Triagem estática/textual		9acbfe9472d0c43d0c2a9ec52ae8c024a80cc6f050d665fb5c1bd4751b124959
comfy_union_patch.py	195	Triagem estática/textual		a03329d5b1dfa82d87925fe3235c7cff8538f84c8524a43f7b9a7804b88fa95d
comfy_workflow_tool.py	295	Triagem estática/textual		5a2371c6736e660e167d4c25fb67841bb75e332f3b652ccf15ced4b73750081f
comfyui_workflows/export_minimax_h3_corrected.py	41	Triagem estática/textual		9618eb2c6fc4895e719d1ab5083074d2459102fd29b80d7e56c13921e41b5b2d
continuous_chain.py	517	Triagem estática/textual		c85e9c4630bb022f83dcd9402b730cdcdf64081fd2fd68915e5470a0e43d408b
convert.py	169	Triagem estática/textual		d465b133079f306b5b111f06b939ec827d975c528ea2b11e93b80bbd09ad6b2b
daz_integration/__init__.py	2	Triagem estática/textual		61c3ff649f748ef1165298a3da16cc3d0f5bfe54b1af10152a6d1c126f57b3c0
daz_integration/app.py	112	Triagem estática/textual		239e3fb3a2beaa9c8410cfb3e1a584d0eaa204ce25d70d4fb351c6a2d1bf74c4
daz_integration/character_schema.py	39	Triagem estática/textual		8e7b5252864496b5ef3ef79fe46e8ca83b0f3b02ab18c2e27e722da539e26992
daz_integration/daz_controller.py	100	Revisão dirigida + triagem		5a6996e28bc6b9b5e627aec8ac4cf6c45c46cbc6312d8e6fe14e1a53db2c9c92
daz_integration/inspect/dump_exporters.dsa	14	Triagem estática/textual		7f3c56e97204bc435e1934df997ae8b92ddbc712865054a4775a319b3e71c345
daz_integration/inspect/dump_skeleton.dsa	49	Triagem estática/textual		0d8bf9b9bafc012b0d4d3f833fe42d7179cf585b244e7406201645295bd54ce2
daz_integration/inspect/export_fbx.dsa	17	Triagem estática/textual		4a7b3819ddc3a36345439a31740e87a70050583107371086631a5dbfd3e2ca59
daz_integration/inspect/export_fbx_tentativas_1a5.dsa	51	Triagem estática/textual		6d278b23591f31a639e029a7d1cf275ca998e477f7b5e80902009caddd2ae624
daz_integration/local_llm.py	44	Triagem estática/textual		811711569db4c3ba4eba92190a335c3cb6d4c8024684e96b1904415ea4d0117b
daz_integration/mcp_server.py	19	Triagem estática/textual		c890ceb6e3ea552459a94758d317d702c394d62556d022507bd89cd361b5598e
daz_integration/runs/daz_character_23ee943f.dsa	18	Triagem estática/textual		bb97ac22a96dda4ea91b1de8855a35c375525f1ec33ef383ac8b34797e8e4565
daz_integration/runs/daz_character_362bcab3.dsa	12	Triagem estática/textual		219b1c071dae504c3b2ce9678b7911bf7d07245b084450393dd809b7cba2020a
daz_integration/runs/daz_character_e8056048.dsa	12	Triagem estática/textual		34feeaebdbe7cd666bb524f2c9f04d4dbddd2fe5c0d2430b0e317f8e45e2e26d
daz_integration/runs/daz_character_ffdc1d8e.dsa	12	Triagem estática/textual		b667771b99a360b9d6798028139f198e22de6b38a45e08d063a1e45276489c0b
daz_integration/runs/full_pipeline/daz_character_5e213044.dsa	12	Triagem estática/textual		fb574462d11823210e030da7457d009ba87810596bde829c4d36fcf8ab32fc2a
daz_integration/runs/load_check/daz_character_e050aa1c.dsa	21	Triagem estática/textual		b464c0d0a510b868bfac638f62972d49a6b2f0b9b18e026f3c341468299cf506
daz_integration/runs/preview_test/daz_character_6f6be7fa.dsa	12	Triagem estática/textual		5f79d96cf01297195cc9397ff034fd2ab95f577a7e24d3113b86284a7a9ac531
daz_integration/runs/test_real/daz_character_8e2231b1.dsa	12	Triagem estática/textual		56353b5694bfa6a972100c654bb5af52e80bf1d53707db59ad04de825bada68f
daz_integration/runs/viewport_test/daz_character_ed04dcea.dsa	18	Triagem estática/textual		42d5e5b415fe61d41df70e950476b3a1fb1c2b47b2725ec1a91e1d717ba550de
daz_integration/start_daz_character.bat	4	Triagem estática/textual		a8422ad7f5ec4cd7de288b8fdb95d0a07833f6c633ee2e9298052f5216dc6cb2
daz_integration/test_run/daz_character_b6695293.dsa	12	Triagem estática/textual		1dbc7840a5e061423e554b95c52757c153b43837a858c74f152f7cbc395ed763
decupagem_ui.py	1756	Triagem estática/textual		14bc97e01c7fc4068ee6f2832d42b391b29c98e0b8f91265e618dc8ccdc2e75d
film_maker_ui_v4.py	607	Triagem estática/textual		43d9f9b5d04191bfc6d83e47958240fb6417a2626eec19bd639005ca24b17976
film_maker_ui_v4_25.py	623	Triagem estática/textual		84003688e4c4c66911188c3edd1d79327d9aa3ea287a8cee1f0496c5668eec6c
generate_sd35.py	187	Triagem estática/textual		18192dfc578e7920b5b6c2adfc0b6f954bf041fea3ec468bf5c39f0c4750a1c6
generate_upscale.ps1	42	Revisão dirigida + triagem	A12,A13	bb22c1aaa714c64e59acf8c4c53ec8261de851f11be27669af7080d090222ed9
gguf_backend.py	478	Triagem estática/textual		85c51915452a7b487926955d343b73ec92423d3c9828ec6d2796110dcc8c2712
hunyuan_worker.py	37	Triagem estática/textual		38694dec262b7cac83398da3a7fbae0dc1f09292cf0d0172b624dee4cc655347
img2threejs_viewer_ui.py	346	Triagem estática/textual		832418b95de504e4a252a82d0ef46022873af52128a17f01435eb85019a65dff
install_character3d.ps1	11	Revisão dirigida + triagem	A12	c15ff1cdfbc31a3b3037e1bb39c1740344b161838ce2651b4f51e20ec8e2a2d4
krea2_test_ui.py	236	Triagem estática/textual		b28e9124eeb880b5daa4d7d3c68e2280c8fcc1a6a946adffb9eacf811344136b
latentsync_syncnet_eval.py	56	Triagem estática/textual		a601f1a2bbc3ad49e40f9ceba0b30dcb52c9c45681b250f5f317b653bc24e052
latentsync_v3_smoke_test.py	30	Triagem estática/textual		efcb80e86716368b1f1afb0b89acd195280fa8401f3f15baebce54313333d58b
longcat_video_backend.py	379	Triagem estática/textual		447d85d33df45a79dc8a8f73a401a8592500f9c7758d5fd0d5c25c443bd1027e
lora_storyboard_backend.py	286	Triagem estática/textual		73ede692811233eb314eb328e42a279b1d67da45d10d55489203d7d1e1f82854
lora_storyboard_encode.py	123	Triagem estática/textual		36fe2b5ad7a5b60d0bc6a6cce3637c654fa69bcaa87b845cbe90c9031c031a1a
lora_storyboard_test_ui.py	164	Triagem estática/textual		d6e2c520a34c3ef623123181bf0ff8f87e534483d08257ac731f6c218f37bd30
ltx25_backend.py	1370	Triagem estática/textual		0525b9560a48c5b1102832655ca0e84e1c25ceea0c0932d1ef86cb6575a599f3
ltx_loras.py	499	Triagem estática/textual		019da68a6de541cc5ddf5ddcbc712d9821adc017aa41a8a3ae563bdf2c9b8784
ltx_pipelines_25.py	215	Triagem estática/textual		981db187ed6c0a4d0ce3a67296da16d0863a888f34b2718a847dc745ef1ec442
mhr_to_smplx.py	119	Triagem estática/textual		080f589dc51a7f5b9d6a0add6b5f17ff2759dce6a2437736845943a0e200a0e8
minimax_h3_backend.py	668	Revisão dirigida + triagem		1906c0d50a0398d023b9ecd33f60ba0d4e32e3422bb85e3dc5103f104acc2aa4
minimax_h3_test_ui.py	209	Triagem estática/textual		334df437076ce010c28233ae81602e79ba597085cbd9443953cd143f7f395a96
music_maker_ui.py	1037	Triagem estática/textual		e8f1c4e6a9b4d725cceaa64ddb75109b298a98408c1826324663745f4095c693
music_maker_ui_gguf.py	1739	Revisão dirigida + triagem	A01	b140c8115458e9bf00ee9d4a7e4e5a29937616872f77b9cf76b3e88fc4e9886a
music_maker_ui_v2.py	1739	Revisão dirigida + triagem	A01	b95e029e900152f98068a608ac6cdb73c12ecd71ea03ab6a815f7535c95c8dfd
music_maker_ui_v2_25.py	1795	Revisão dirigida + triagem	A01	cdd43c0f09fbe976e7442eb4038834d95bd5f5451e454c93d80045f71e59bc21
music_maker_ui_v3.py	1951	Revisão dirigida + triagem	A01	3aa5e91d4f33ebcbbff717383cfda66afcdfca442604217c66a26a09d4649224
music_maker_ui_v3_25.py	1967	Revisão dirigida + triagem	A01	fadf0814401ffe45488f778b69be0de6eaa9a4f54dc6207bb4019d1547d4c051
packages/ltx-core/src/ltx_core/__init__.py	0	Triagem estática/textual		e3b0c44298fc1c149afbf4c8996fb92427ae41e4649b934ca495991b7852b855
packages/ltx-core/src/ltx_core/components/__init__.py	10	Triagem estática/textual		e2d4249974369c570acf45b36bf493dda63d7e0516f803b6e566385dd9a127d7
packages/ltx-core/src/ltx_core/components/diffusion_steps.py	95	Triagem estática/textual		c7ff8d2ce76d084a378c20a55949424cf0de234e5834bf405a07efcdbdc4ff4b
packages/ltx-core/src/ltx_core/components/guiders.py	364	Triagem estática/textual		6570b863c48666a474a8ceaff0ae1d38f2f11d964aa944a3c627185edf1a5a1c
packages/ltx-core/src/ltx_core/components/noisers.py	35	Triagem estática/textual		a2d42ebeb4f3bf210eee926250f6dd52d37c850011103ee11f80337209cb01be
packages/ltx-core/src/ltx_core/components/patchifiers.py	348	Triagem estática/textual		639b0fa34793d66ced7128fe624014a5e13c113f4dd530ae1807ddf759a04ee7
packages/ltx-core/src/ltx_core/components/protocols.py	101	Triagem estática/textual		0d5376f7e6c660e106bfdc63a7d1ec4e525536c67c1ad32c9499d7aa5893dbda
packages/ltx-core/src/ltx_core/components/schedulers.py	130	Triagem estática/textual		92830be18780ae2b749773bbe3662fbe966682e6a9b70de50b13d34e6c5be18d
packages/ltx-core/src/ltx_core/conditioning/__init__.py	19	Triagem estática/textual		8f675a21d26428e789b9953f1bc43c10ef6fcfce7b6869c37830460d709222a0
packages/ltx-core/src/ltx_core/conditioning/exceptions.py	4	Triagem estática/textual		581213554c95a728649677b5b10fd4ff6f0d322efc48232b783c168333055173
packages/ltx-core/src/ltx_core/conditioning/item.py	20	Triagem estática/textual		940fba0f122a05d53667e1e56ecb0510cbefb522b9d9f97f5717bf6320374deb
packages/ltx-core/src/ltx_core/conditioning/mask_utils.py	210	Triagem estática/textual		324f828bf7755a214a566e2af63b69eb5efedc4254a9da3517025aa72ae59fcf
packages/ltx-core/src/ltx_core/conditioning/types/__init__.py	13	Triagem estática/textual		8b31d39b9e9e635a58e0c39c4f4ba41ed0e575f3c1b3cc321447971543bce1b3
packages/ltx-core/src/ltx_core/conditioning/types/attention_strength_wrapper.py	71	Triagem estática/textual		d7959f9dd8604e585dba48dfebdde168644fb261756b35a06046e59d9e4fee8b
packages/ltx-core/src/ltx_core/conditioning/types/keyframe_cond.py	70	Triagem estática/textual		3141ab4eecd0cd740fee3b73efcf4ac5c26e6614ac35cd548bb9f59ba600b024
packages/ltx-core/src/ltx_core/conditioning/types/latent_cond.py	44	Triagem estática/textual		77ebf6ad97ec3b10f5f85e44c36589b163dc0c59e6f37253b49a286b4a524a45
packages/ltx-core/src/ltx_core/conditioning/types/reference_video_cond.py	91	Triagem estática/textual		767a28e9fed2bbd513de977fc36062ede27b29185c34c25f0449187223ba7b76
packages/ltx-core/src/ltx_core/guidance/__init__.py	15	Triagem estática/textual		c8000b6c4a441a43f1ab95712b85d5aac314618acc9d86e5b0a56602c4cd3148
packages/ltx-core/src/ltx_core/guidance/perturbations.py	79	Triagem estática/textual		3b5a64e5f95ea78489f226e2b71fb365eaf4558f1859853e44213db530160605
packages/ltx-core/src/ltx_core/loader/__init__.py	48	Triagem estática/textual		0aca37b9c6674c7e0cffde2ef6e4c75d047bf3ad8ae487078e9d0b21f8aac6f3
packages/ltx-core/src/ltx_core/loader/fuse_loras.py	126	Triagem estática/textual		ef3c7022b5ba4feb19180e86514c74bde3dc4579008a59aecbd05b23e1a8b367
packages/ltx-core/src/ltx_core/loader/kernels.py	151	Triagem estática/textual		62d083e0f2fd155b10c5392e28af98867209032244e61a4b341c7c76e74bbe0c
packages/ltx-core/src/ltx_core/loader/module_ops.py	14	Triagem estática/textual		e7f6540d313e2fef2185e86843b3f9736e76432438d06d006019f1cf17e138ea
packages/ltx-core/src/ltx_core/loader/primitives.py	109	Triagem estática/textual		583448108843f721e67f7899b9df0c254b0bb9a75198731ca59f6acb098c1ae3
packages/ltx-core/src/ltx_core/loader/registry.py	84	Triagem estática/textual		267a9a81575670fe4f0d32410295de00edc552799830d3ab0184ec7d1a12d0f4
packages/ltx-core/src/ltx_core/loader/sd_ops.py	127	Triagem estática/textual		101c863b12dc5ade4fa568a421c42eaae584e7e1ca1619575e3ccf9ed556d408
packages/ltx-core/src/ltx_core/loader/sft_loader.py	66	Triagem estática/textual		136a29f6373b6e807a055c0f128e2396e6c41d2ce0c0d4deedfffd33b7c5e58e
packages/ltx-core/src/ltx_core/loader/single_gpu_model_builder.py	158	Triagem estática/textual		03432d576849a04e2fb9ee91f7415fb37eca19f5c82a76537d9ab23ede131540
packages/ltx-core/src/ltx_core/model/__init__.py	8	Triagem estática/textual		c4d7e77237e0fb69983e2d4d6d2ccd5217e8cc9e23ab4f3876b67c82f5e7ef8f
packages/ltx-core/src/ltx_core/model/audio_vae/__init__.py	29	Triagem estática/textual		685e860a187f1fea82365d8c96156f076efa19fefecd5ba1bd0b4e494bbafab2
packages/ltx-core/src/ltx_core/model/audio_vae/attention.py	71	Triagem estática/textual		d368e5e1e6896d9850e327c673c2a4a95926d135515fbd7065537a82e96f9a22
packages/ltx-core/src/ltx_core/model/audio_vae/audio_vae.py	508	Triagem estática/textual		df8fb0a2608e96eba03b4381b4b133c2b4c889394c90b5b9fb76ddb119855cd2
packages/ltx-core/src/ltx_core/model/audio_vae/causal_conv_2d.py	110	Triagem estática/textual		0dc71b5bfd5f01cce688feac182235903985381dcc9a12fffdcce875cc0fd263
packages/ltx-core/src/ltx_core/model/audio_vae/causality_axis.py	10	Triagem estática/textual		479a5dd5daeeed0bcbb72376522dea042a0f578b7526c530564baaecd93773bc
packages/ltx-core/src/ltx_core/model/audio_vae/downsample.py	110	Triagem estática/textual		a2c38685cc0a13a39f40e7838bd70e6d6a1f31619513936e0a3f1a700aa33ac5
packages/ltx-core/src/ltx_core/model/audio_vae/model_configurator.py	200	Triagem estática/textual		332a74e9be075fd7512dd82d80291ea63726df0cfc174d1935a04bff624752dd
packages/ltx-core/src/ltx_core/model/audio_vae/ops.py	73	Triagem estática/textual		d2e2429dc3f2a8177df27991041b32cec1a38ef266b54f58854e2eee83624a08
packages/ltx-core/src/ltx_core/model/audio_vae/resnet.py	176	Triagem estática/textual		d2517b2e0f38d5308817a405f15d9e8849e60a96ff138baed5e1de03f38af781
packages/ltx-core/src/ltx_core/model/audio_vae/upsample.py	106	Triagem estática/textual		68571fc8d5378489ec63c391d133cb01da2dbc436339b5b24ad016b28dc0ab8b
packages/ltx-core/src/ltx_core/model/audio_vae/vocoder.py	575	Triagem estática/textual		ce5126e0931c8b52d3424692d8ab14ceffe04088c37d72f692cdda1e5b41c72e
packages/ltx-core/src/ltx_core/model/common/__init__.py	9	Triagem estática/textual		30b5d1dd09346856df94398631d1eb5dfe081f76fe2c6ddf18bfa1bdeb32a6e3
packages/ltx-core/src/ltx_core/model/common/normalization.py	59	Triagem estática/textual		671cbc20efae7aa5719ead750ace8025d6f5971f2348f362283fe09131b3e092
packages/ltx-core/src/ltx_core/model/model_protocol.py	10	Triagem estática/textual		c6e980b800ec15b73a63770bd0fd3d43798c6bba52b5b8544155404447f10e50
packages/ltx-core/src/ltx_core/model/transformer/__init__.py	18	Triagem estática/textual		cac03926810d1f4e4474da2e5c901ab6958f4782a14f5594da7862dde6ac363b
packages/ltx-core/src/ltx_core/model/transformer/adaln.py	45	Triagem estática/textual		6a7b65f28854f504e45eb21d48fcbd4da09e3f6728dec9b324d7f5ebb1d1bf1e
packages/ltx-core/src/ltx_core/model/transformer/attention.py	260	Triagem estática/textual		f7a3ea59d354f500232e29ba396138464746eff017098f3f9149727c5c6f717f
packages/ltx-core/src/ltx_core/model/transformer/feed_forward.py	17	Triagem estática/textual		10828492ce74ce27f0adf36f7ecc9b34a3e89b9586d6784401eb7e91a9321f70
packages/ltx-core/src/ltx_core/model/transformer/gelu_approx.py	10	Triagem estática/textual		08c2a8062d4edfcc5debc19f73211702edd93bbd07c53a0e36ec32134444735d
packages/ltx-core/src/ltx_core/model/transformer/modality.py	40	Triagem estática/textual		fab30a96b7953a95a3626804525adae6f168fc817f202e86eb2ab0f5be905a4d
packages/ltx-core/src/ltx_core/model/transformer/model.py	508	Triagem estática/textual		6afb83209f0108d02fc4f36721efd8f0a4855c669249091be21da4cd54f8c1d6
packages/ltx-core/src/ltx_core/model/transformer/model_configurator.py	158	Triagem estática/textual		48e11f31e7ef74d5f28c8dab550835b8ce431925dc93db21c9963c1f292e83d4
packages/ltx-core/src/ltx_core/model/transformer/rope.py	235	Triagem estática/textual		a397f1a8d5e09112ff3bc4368dffea8ab9f3c2de667fea292e5cb6fed19d0a3c
packages/ltx-core/src/ltx_core/model/transformer/text_projection.py	38	Triagem estática/textual		9c897556bdfc29f759a28b9a7100467128424246b6b3b0958191d8d265859754
packages/ltx-core/src/ltx_core/model/transformer/timestep_embedding.py	143	Triagem estática/textual		de0eb447d1484d1828551404372a8a5ee9e0da15d02f117a199a2403ecd88257
packages/ltx-core/src/ltx_core/model/transformer/transformer.py	620	Triagem estática/textual		26a344cfaf26009f64d82428f1e3498db63d373b5cf8a4b026abd7f2b0377db9
packages/ltx-core/src/ltx_core/model/transformer/transformer_args.py	301	Triagem estática/textual		f2170c0e45f3a68e21d69010c11072810290db999220a7d61be13ae6f33d3872
packages/ltx-core/src/ltx_core/model/upsampler/__init__.py	10	Triagem estática/textual		b6686c4934860f21319dc7de79e18e9d49266ccc0481b5b79911f11d66970bba
packages/ltx-core/src/ltx_core/model/upsampler/blur_downsample.py	53	Triagem estática/textual		1a8b44bfe57c2cadb3189d642db03753380f10be31e8cb7ee79cb6c80a66a313
packages/ltx-core/src/ltx_core/model/upsampler/model.py	142	Triagem estática/textual		dbfa9252a26f42c6d626a2026e42b45c92ee0e805d2f6dcd53360c312c27d49d
packages/ltx-core/src/ltx_core/model/upsampler/model_configurator.py	30	Triagem estática/textual		d6193b36544d32c4bbe1b972f1e72fbf60adbf2751ed0c913c7b41b849c5e516
packages/ltx-core/src/ltx_core/model/upsampler/pixel_shuffle.py	54	Triagem estática/textual		9bee7d05742f5f7a710cde122aab9d9ec5014a93ead428cff649e5bb83a26be1
packages/ltx-core/src/ltx_core/model/upsampler/res_block.py	37	Triagem estática/textual		00ccec62acff9ccb47fabdd177ed214841d2015ed6936bdb02ce748b1cd67194
packages/ltx-core/src/ltx_core/model/upsampler/spatial_rational_resampler.py	47	Triagem estática/textual		c6d715653b1f8d78b960e7bcc716099572bcb61e504f21d4103ec0cd8c7bbcc2
packages/ltx-core/src/ltx_core/model/video_vae/__init__.py	24	Triagem estática/textual		8e54aaeda4c526cc143a11fc2c1db255611720377e80edf3be2d1570e1bd3d90
packages/ltx-core/src/ltx_core/model/video_vae/convolution.py	317	Triagem estática/textual		82ab4c6dba0257329073ce5a06d709d65f9ecbde7b42502dd6010c268433464a
packages/ltx-core/src/ltx_core/model/video_vae/enums.py	20	Triagem estática/textual		822c59e84e6b5599fd256df781b6de20acea8580de4accc2358a45bef71b28a1
packages/ltx-core/src/ltx_core/model/video_vae/model_configurator.py	79	Triagem estática/textual		dee7c9d816815f75d9578dec97a58a26430b786b2ec63d653033180159317499
packages/ltx-core/src/ltx_core/model/video_vae/normalization.py	3	Triagem estática/textual		1e3a2c6d48c6b84b113b62d912df9f3e6e258b16c362b62908bfc058c745548d
packages/ltx-core/src/ltx_core/model/video_vae/ops.py	82	Triagem estática/textual		0161aa748ed40a68fa0309e69638e033d63504b0ed2566a3f5adca3dd2f7af1d
packages/ltx-core/src/ltx_core/model/video_vae/resnet.py	277	Triagem estática/textual		a3638d886854b5e88837ded7cfb41201dce01c6f7ba435aa1ce22948e31474ef
packages/ltx-core/src/ltx_core/model/video_vae/sampling.py	123	Triagem estática/textual		a0bcfc65e2c2fbba80cc922d03000585af025806ef4e25b90bd684cff2e04eab
packages/ltx-core/src/ltx_core/model/video_vae/tiling.py	291	Triagem estática/textual		93b475f1a5d7273080f5f1eadb3cb4d08c97dff9e98c008c190f384853455840
packages/ltx-core/src/ltx_core/model/video_vae/video_vae.py	1221	Triagem estática/textual		09067497cd7555dee38e5461e3d5a62d3a6e83e7042011f98b9d0f3528700523
packages/ltx-core/src/ltx_core/quantization/__init__.py	16	Triagem estática/textual		1e7f65fdbc0cb7be004ab5c5edac037de727aad42e2088512ea4a15e9a8e8d4e
packages/ltx-core/src/ltx_core/quantization/fp8_cast.py	172	Triagem estática/textual		6dc4e8509ab4359597ddd032d1c29d72e1986bc470fbee1686ae398b5470b636
packages/ltx-core/src/ltx_core/quantization/fp8_scaled_mm.py	207	Triagem estática/textual		d5a11bc716e4c85bce438522a9fac117b65c26486c35a766eaf4611e4fd1730a
packages/ltx-core/src/ltx_core/quantization/policy.py	39	Triagem estática/textual		9caef831d9e015d50377857a972717f8ae51726d8955e18f4fe00228da8d96e9
packages/ltx-core/src/ltx_core/text_encoders/__init__.py	1	Triagem estática/textual		84cece4c4ec8439ed72cc0e5ccb27ae4878b720101ed015fb698b3b466e5e173
packages/ltx-core/src/ltx_core/text_encoders/gemma/__init__.py	33	Triagem estática/textual		12d2dd2fdefc88f7ab09431af6f78ab354bca748e25f49f42f8743b346bf11be
packages/ltx-core/src/ltx_core/text_encoders/gemma/config.py	75	Triagem estática/textual		93f5e7cb7e989f9a2dcf2a2cf052540ba6528cb295369f544ad1647156cad83e
packages/ltx-core/src/ltx_core/text_encoders/gemma/embeddings_connector.py	261	Triagem estática/textual		0b4e9a1615f10957659f2b6d686a65de6373836720acac1f3f59a40153bd8bf7
packages/ltx-core/src/ltx_core/text_encoders/gemma/embeddings_processor.py	89	Triagem estática/textual		77924b520344d2d8846f54453a5749821c1a8ed1b61023be57a76a329e64d17a
packages/ltx-core/src/ltx_core/text_encoders/gemma/encoders/base_encoder.py	202	Triagem estática/textual		37c0a3b60244b3372cad494f9a0ddec5e684c8c1483d87994646397cf5fea5f4
packages/ltx-core/src/ltx_core/text_encoders/gemma/encoders/encoder_configurator.py	181	Triagem estática/textual		1628e8372c99643b1c83792902da889c568d2ee709c12067b86b702d82bda3d1
packages/ltx-core/src/ltx_core/text_encoders/gemma/feature_extractor.py	141	Triagem estática/textual		5223bc235fa41a0cec245e5d5f8f0a7d9de8afce2096633d7cac3b2a098a68c2
packages/ltx-core/src/ltx_core/text_encoders/gemma/tokenizer.py	64	Triagem estática/textual		fd7203ee67fcc97d38760a7867b0d54bf38917c71675ed569848338fd29cb9ad
packages/ltx-core/src/ltx_core/tools.py	190	Triagem estática/textual		75bdd2814bb77df7ebed9cf0e9c4e3abd9017cbd02a87d85d76ecb716f53bef8
packages/ltx-core/src/ltx_core/types.py	209	Triagem estática/textual		944af161b50ab3401816e981dad1e9182b11ab28469d69480a66a1ddecdf9b3f
packages/ltx-core/src/ltx_core/utils.py	62	Triagem estática/textual		201f693c1966fd2cc9c8cb9d240067184aed657856db74f644f16e27c2367321
packages/ltx-pipelines/src/ltx_pipelines/__init__.py	26	Triagem estática/textual		db20c155cab0ab3f603e5f8a84bdc8b454a802c06687257257b03a15ae5b3966
packages/ltx-pipelines/src/ltx_pipelines/distilled.py	440	Triagem estática/textual		4540a7eb50d18615aac7d3abd6ee3f975dfcd4b63460976ddb83f25e4ddc5328
packages/ltx-pipelines/src/ltx_pipelines/ic_lora.py	476	Triagem estática/textual		0ff27a5d7ff4b537dbb613fd5e63e728e426c47bbd761f4885369e473a4c3109
packages/ltx-pipelines/src/ltx_pipelines/keyframe_interpolation.py	302	Triagem estática/textual		c3a5725c65740de1562afc927490fa87c5748df31a4c62e7c6696a86a15cfa3b
packages/ltx-pipelines/src/ltx_pipelines/music_to_video.py	569	Revisão dirigida + triagem		565f685f8e2be937134bce92778666ed6ffee79c92d117153f6aa2ca14abac1d
packages/ltx-pipelines/src/ltx_pipelines/music_to_video_v2.py	530	Revisão dirigida + triagem		fa15781d65087af9cc001b1a3e2ceb3a5580754fe3261e0eb0e13b57d9a9521b
packages/ltx-pipelines/src/ltx_pipelines/ti2vid_one_stage.py	220	Triagem estática/textual		351428f815a49f7d60c5a14c9cef04da8391cf2c5d6ae5c0fd73b36c87d6c483
packages/ltx-pipelines/src/ltx_pipelines/ti2vid_two_stages.py	363	Triagem estática/textual		1fbbddb4c63a2bc74332f2a271ef0f57aa3eaec4bd2c9117dec7ca46dba3010e
packages/ltx-pipelines/src/ltx_pipelines/utils/__init__.py	35	Triagem estática/textual		3fa44373832570f77bd89bf635154c78545ef5561eca427bfa079696fd7a146c
packages/ltx-pipelines/src/ltx_pipelines/utils/args.py	593	Triagem estática/textual		3617d51f041488ddcfe8836e5c5300e21321b21e266f26276a8e11844682dcbb
packages/ltx-pipelines/src/ltx_pipelines/utils/constants.py	143	Triagem estática/textual		3797cdf582af4976276682d15f11788b33d0fdf0d8705f92ec537867b35ed38d
packages/ltx-pipelines/src/ltx_pipelines/utils/helpers.py	697	Triagem estática/textual		7bcbaec19e0a25b3b4cfc6213e15f10761ef054b78536f49ceddd169fa760b18
packages/ltx-pipelines/src/ltx_pipelines/utils/media_io.py	391	Triagem estática/textual		bc8a979f33775070de38af7315a7edc83db79bca9fe8f3c771200f1facf65d8a
packages/ltx-pipelines/src/ltx_pipelines/utils/model_ledger.py	343	Revisão dirigida + triagem	A16	6c08e3a5f187476e84799a291fd05ffe251b2e0ef918be7677e70d13753efc0d
packages/ltx-pipelines/src/ltx_pipelines/utils/prompt_cache.py	24	Revisão dirigida + triagem		7002f0c4bfd928ad33f95016497bdc7220602e1c965fb3b14b11c0098083c387
packages/ltx-pipelines/src/ltx_pipelines/utils/res2s.py	62	Triagem estática/textual		36f0d03cba0ccc814988a25bff3a783562b53f3c2a154c6c5c05f081a566d0d7
packages/ltx-pipelines/src/ltx_pipelines/utils/samplers.py	365	Triagem estática/textual		abe00ee720c362616451de785397bd9de0b8eefdeb56a6e3320236abd101279c
packages/ltx-pipelines/src/ltx_pipelines/utils/types.py	73	Triagem estática/textual		d08979eef3d0659ba7d03dd0ce489f0b248279634eea036cc2fc940a2cc64178
packages/ltx-trainer/scripts/caption_videos.py	486	Triagem estática/textual		a384a0bd5ade72db9fdac727033fe18a98a157407d15c0c0239fd77f75d15eba
packages/ltx-trainer/scripts/compute_reference.py	288	Triagem estática/textual		e0acc4e5b074f7f545148d39eb73daf0936c8589b13b980c9e6d3b3435b4c38d
packages/ltx-trainer/scripts/decode_latents.py	341	Triagem estática/textual		3c7e019309377189c738f97647a174ab40b11b32153f17fe2a3488780cbd94cf
packages/ltx-trainer/scripts/inference.py	443	Triagem estática/textual		36905494a6794d1320787122f80f98be77321dcd93b9a2d8e15e76a7c3675039
packages/ltx-trainer/scripts/process_captions.py	415	Triagem estática/textual		315a892523ac9da81cb46fd0e5e1c80bb2205afe5ecdf8e60b9e39d63f679304
packages/ltx-trainer/scripts/process_dataset.py	276	Triagem estática/textual		2f5530b8ff347e65b3053398e385c0221f288a53837b9e41a8c460f6b61f352a
packages/ltx-trainer/scripts/process_videos.py	828	Triagem estática/textual		057f789067270613615e6d27c8f9646010ca02c13ba2c21dd220a8a12b3c21e0
packages/ltx-trainer/scripts/split_scenes.py	417	Triagem estática/textual		0cb9643a3682ead4c9769a0293b60da085a56cb84a2c16c6acf4e19e06ce3a9e
packages/ltx-trainer/scripts/train.py	64	Triagem estática/textual		f29a044ada9c0deee1b3ee11c588423c42c9aac0654757607e2f640a6fde7e21
packages/ltx-trainer/src/ltx_trainer/__init__.py	44	Triagem estática/textual		9652c6093f66523d55b9d87f5083667e66fc8da00cebb83bdf10990e3290d319
packages/ltx-trainer/src/ltx_trainer/captioning.py	401	Triagem estática/textual		13b0cd7ff8709a877ef7534278852cd88b062d7f28dc1cfa306f3a0f4e8f1284
packages/ltx-trainer/src/ltx_trainer/config.py	472	Triagem estática/textual		9ae0fb0683e0fca32584dd4860870cdeed607f6b0af6c787bf4ca634bbf39f19
packages/ltx-trainer/src/ltx_trainer/config_display.py	155	Triagem estática/textual		abbeeeffe603228262b5aa1edb7abad0f7dc3f82d9b5dff07e57c7478370b365
packages/ltx-trainer/src/ltx_trainer/datasets.py	270	Triagem estática/textual		c7b5ba5a32912a61e53c840178e0d22e9a2f728546eb23b4e34ba5245c82875f
packages/ltx-trainer/src/ltx_trainer/hf_hub_utils.py	208	Triagem estática/textual		2e9eefdfe5b21632a170470f56d6ce968c58b1f68ba9b33f2b956caa5681bc75
packages/ltx-trainer/src/ltx_trainer/model_loader.py	336	Triagem estática/textual		6c885fec2eed97c2bb3e41ae4e95ce37503f70973edbe706330cb23a90318fe7
packages/ltx-trainer/src/ltx_trainer/progress.py	236	Triagem estática/textual		13ebccc0bc75f4d6c4940b5959caf042f6ecf3ecf5dc2bfd53468de6c3fda922
packages/ltx-trainer/src/ltx_trainer/quantization.py	90	Triagem estática/textual		449409f65012c860102fde16d512bb131356063f63f90a7d18a880ff38d2fb04
packages/ltx-trainer/src/ltx_trainer/timestep_samplers.py	128	Triagem estática/textual		edbbdd4df8f5137d7b65d3471c1e27eca30a90adedb4e2569a7e2699ad68618e
packages/ltx-trainer/src/ltx_trainer/trainer.py	955	Triagem estática/textual		330cf2fb187e926498afe79591963d363b14452bfb8c298503fab9ea79854d7e
packages/ltx-trainer/src/ltx_trainer/training_strategies/__init__.py	58	Triagem estática/textual		b9c3d2dc7a018d4bf647b57780cfca995ed6d8256af55a7f0c27e68d3a414872
packages/ltx-trainer/src/ltx_trainer/training_strategies/base_strategy.py	253	Triagem estática/textual		8a2a442b1e3dd1586a2a68fb0c7e8b4a236aef63137a41178468bed6263d190f
packages/ltx-trainer/src/ltx_trainer/training_strategies/text_to_video.py	289	Triagem estática/textual		4a0e98fefa74d71e6bafe92540a0cc875200fe93f7d97adec3265567bd9c1110
packages/ltx-trainer/src/ltx_trainer/training_strategies/video_to_video.py	223	Triagem estática/textual		64d7e472707757080c0f82af874b5fae9bf5a47651f3a7b4787ded2a576f86c8
packages/ltx-trainer/src/ltx_trainer/utils.py	118	Triagem estática/textual		d6ecb7a627c1dc21d5e808165f982cb62cfebaf6be85d6efe5508aee81090681
packages/ltx-trainer/src/ltx_trainer/validation_sampler.py	817	Triagem estática/textual		1d666422ffde3631c89e5201080aa1dca58f8fc4a2e5af9d092fb3f4189d3cf3
packages/ltx-trainer/src/ltx_trainer/video_utils.py	159	Triagem estática/textual		b88be7e681f7c8542cc70af5737981c32a1d672832c51723b4a8b79c84051459
repair_comfyui.bat	15	Revisão dirigida + triagem	A14	0964db627d264e542655b270f6ecdff70e35248b711e32c9f52096c4b30fb00f
roop_backend.py	113	Triagem estática/textual		127818bf0e495216ef66264e3443a3c3d177acc4ce91587bed0a8cbdaa44ea70
run_krea2_integrated.bat	35	Triagem estática/textual		707ac675ecde0ddae5dda1b9f8e4ade8fed877aebd96975378ef89eeb25d376c
run_krea2_ui.bat	13	Triagem estática/textual		c768971ffcdf638817ee382b814935a7a8c83e63d3c8fd81cb446d98af583f42
sam_body_worker.py	163	Triagem estática/textual		1d56a99335c5c269b9d3a534b89d51e8012618c23facdf252d44aad8427c322b
screenplay_to_video.py	316	Triagem estática/textual		efe38306612d71ea9084604d97c6666dd035ffebf5060f2d7c98bbf81c96dd1f
screenplay_ui.py	1016	Triagem estática/textual		bfce55b709ba0b74b74d16526c23166cdf1d93e9ac9a34ae2fba29b505d63cdd
script_pipeline/__init__.py	15	Triagem estática/textual		1ec3486dc3e6ffcd6282d4ae655504334512d5fa3c07237765be309c304325f6
script_pipeline/assemble_final.py	273	Revisão dirigida + triagem	A09,A20	e974ed25ef96ae5196fee350ff3f0eac99b43d3b516542123abf6f8fb1d56704
script_pipeline/cast_characters.py	650	Triagem estática/textual		53a185f173b4f04a0b0d75874251908bc76bf957ff7fe51973598795f7b3eedb
script_pipeline/character_sheet.py	185	Triagem estática/textual		d0a44c24f9c32ff0f58f8fbb23a0f673c13e766c0db0ee5855ffc7bdb3e76713
script_pipeline/clip_identity_audit.py	123	Triagem estática/textual		36aff0ed084134d35c390ac12dc0de14396658e4d78845ebc8deb9b498b3730a
script_pipeline/consistency_audit.py	168	Triagem estática/textual		baaf512c3d2086e940fff474f6673f9e2efddd2d59d8e9dc0bbbf8608b231b72
script_pipeline/dialogue_tts.py	301	Triagem estática/textual		143a7c20d2468861d490b72a044799567dd942596af6a47661c3b3cd7a5f33e9
script_pipeline/emotion_director.py	303	Triagem estática/textual		d639feb8eb12c1883e44141cba6872e44281011b9f2e4de63fa6bfc4d8fb473c
script_pipeline/generate_storyboards.py	963	Revisão dirigida + triagem		99505472c950e42da77326a2200213cb549a9ba7f24f15e92f780e7b2a060847
script_pipeline/gpu_watchdog.py	281	Triagem estática/textual		2a45a50f8bd3c8cb681f133ed577a6c151f0c2b77b5db4aa4453aaba0854693c
script_pipeline/guide_leak_audit.py	78	Triagem estática/textual		8ad9c82e4a35443ff87735bafe28e51c2d553cab1edccb3741429c806166b433
script_pipeline/ic_references.py	273	Triagem estática/textual		11607385e86e6060f0788dc63102a2ff23c081cd79ffccf711c85193b79c6269
script_pipeline/import_reference.py	158	Revisão dirigida + triagem	A11	83be9d88a0b10103f2ef216a393a3c5277d4c5b6f45631538650a893aef99710
script_pipeline/import_voices.py	242	Triagem estática/textual		391ff5295ca78c762f8ce0f40ab876ec477a841ee81a95984a32ff925216c6d1
script_pipeline/lipsync_audit.py	141	Triagem estática/textual		08892d7bb66c71acfaff7ec2647b4380a16b2f7e98d60bc7b5a564384fe6e2f6
script_pipeline/lipsync_scenes.py	233	Revisão dirigida + triagem		059a15d4a486d53bf5a88d30bf9dd17f014bc89dea6e55d4a998ddc8cada7f3a
script_pipeline/llm_workers/gemma4_worker.py	97	Triagem estática/textual		81822d0eac4451e02ba8c4ebc96ead4046aa214daea4404cd273799e8f982245
script_pipeline/lora_ab.py	156	Triagem estática/textual		7e5aa58896aa0a2bef8dab28067000f33c3615eba69eb1f23fb61c983f8deb6e
script_pipeline/mix_audio.py	271	Revisão dirigida + triagem		bdc45d6fc7b7301fa1c632945cf9eb9f0df47f5b5ba8a2eafe0a2744273291fe
script_pipeline/nvidia_llm.py	153	Triagem estática/textual		a40cdf169077eb4a699aac96ecc36c896c73a64a4708105ad64e44c123bdb713
script_pipeline/parse_screenplay.py	1302	Triagem estática/textual		47e8f85897b73a7e103a8acdee0fe3416b72706d3240861a4eba14194958aedb
script_pipeline/postprod_v2v.py	129	Revisão dirigida + triagem	A10	0ed8409fe15c85b9f1c64aa8dbbeee4a4910cf66c287460241e49b359e1cf51a
script_pipeline/prompt_polish.py	339	Triagem estática/textual		eb171fa46b9b9db06d277a74b6491d8f4b91d702cc015ee2910f162d6cc7ce58
script_pipeline/prose_to_screenplay.py	491	Triagem estática/textual		030b852d8f3710f54156be9a1b85513570be1ddd8bbf3934d86b990a80807422
script_pipeline/render_scenes.py	809	Triagem estática/textual		1e019c23fc30cce71b4361b28d50e7292376062c90fd698a128d292901ba07b0
script_pipeline/render_shots.py	1197	Revisão dirigida + triagem	A02,A03,A04,A05,A06,A07,A08,A17	2421e7190088ae52f091dc3ec248375f0e283ffcbcb707e38ea94043681ac2d9
script_pipeline/render_shots_stage.py	323	Revisão dirigida + triagem	A07,A08	0fc9ad9d7017ca28d40a455979283f2d789b0f641627e57cdb49af8212831f5a
script_pipeline/run_decupagem.py	502	Revisão dirigida + triagem		d8cde53e0ec75763110751fe863a6afee8c745b6611af6dcc24115568a28c95e
script_pipeline/run_folder.py	125	Revisão dirigida + triagem		676967a538538a640a79f5f1ffd4e85b99d5b131d7a4ca4de858e03dfe0fe517
script_pipeline/shot_plan.py	1336	Triagem estática/textual		f37f3a6f01be73045b7e918dd43eeaccf0d6889d518b9b660bfc0845aa104017
script_pipeline/story_structure.py	400	Triagem estática/textual		4d4f42ec5b7218dc58637f29d51e19d7eab382534e6195189654193cbe0d1b12
script_pipeline/storyboard_audit.py	105	Triagem estática/textual		6ce63ce731468210aef5109ae057726b562dad0432fb8e2afc39450c87d78730
script_pipeline/strip_subtitles.py	142	Triagem estática/textual		81258f2d8184590da27a679fa7b75fed40f72f67dd3f11ca3145c7bb16ad94c2
script_pipeline/syncnet_audit.py	112	Triagem estática/textual		7b0af9eebd9979f7c84eee254dccf8869f1ef4bacafae9e156e5a12cabc89f3d
script_pipeline/synthesize_dialogue.py	208	Revisão dirigida + triagem	A19	36d49986d1108150614a9a774d9338286fd0856b311bd711229d2cc153cfc688
script_pipeline/tts_workers/fish_worker.py	121	Triagem estática/textual		2a485c8c8ed1337f7cd9e84630046233d9b86a2fb33cf0e87b31b21d3bb77296
script_pipeline/tts_workers/qwen_worker.py	108	Triagem estática/textual		f145aeb0095a55610326e20e92e43026e3ee2a2fc8039556ef7d9f40acbc4726
script_pipeline/tts_workers/xtts_worker.py	268	Triagem estática/textual		900fcb7fc7487ce9ca766473c1d7dba05b4a7c0620f3ea83c6423c55f377534b
script_pipeline/verify_output.py	328	Revisão dirigida + triagem	A15	7daebaae421e37746c9993bbb4c35ccd6bf38f3c397f50fe9317143252860cd8
script_pipeline/voice_library.py	220	Triagem estática/textual		87bc8b850b5a7314639bed9870012d9e30a50ae2861be96d36f15458025679c4
scripts_2.5/dit_bridge.py	137	Triagem estática/textual		c7f5dabe9eb0ffb3ea28cfd5f9370c3817480e0f8273ed89e6eab481a3b5bebf
scripts_2.5/dit_forward_test.py	124	Triagem estática/textual		57ed9674f31b8090a4428cb0f05e5660c696ea4c51be55ca37b736040e642c79
scripts_2.5/gemma4_text_encoder.py	87	Triagem estática/textual		2ca7061b9ecfaa35f842ac2bc518a374f3ce13491738c3fd132b43562bdf3cac
scripts_2.5/generate_latent_test.py	132	Triagem estática/textual		a94469f9730b28443af05d06028f94d2d61c6b0307340043ad8e1552f2bd29d6
scripts_2.5/na_diffusion_decoder.py	278	Triagem estática/textual		5ceb34d67e5effea35321937fe46228d58e9ecf362e8670a008a046fa2dbb1b1
scripts_2.5/vae_decode_official.py	85	Triagem estática/textual		29f50aa2b5668903c7b42d4092b473676546cbcd24d9c7a9c706de1d931000d7
scripts_2.5/vae_decode_test.py	106	Triagem estática/textual		44b79a78e8d751dad21c6c32150a1b34453c7b815d43d253907014d75c2f23f1
start_character3d.bat	9	Revisão dirigida + triagem	A18	a7600905b826d4936e23498326fb8195991eb1241ac11f63f0dd258ba6841eb7
start_character_sheet_flux.bat	11	Triagem estática/textual		9bb9425b039a5a8ceb18d5bb9aea1c39f813314dd05b83c36cdfc5b132d052a5
start_cinema.bat	36	Triagem estática/textual		97adce0378b61257db45f25fb36ce2efaef0c581f4fb5472f744388b536522eb
start_cinema_25.bat	67	Triagem estática/textual		24648a10106da0ee109589643bd899753416e3c5018a6678d9ad3d8898a5bc97
start_comfyui_ltx.bat	33	Triagem estática/textual		ea787357f73c873efb598724f30e3419fc1711763e8592548fb19fcb0166c660
start_decupagem.bat	142	Triagem estática/textual		6131cd66338c217f31a86f6cd80f29aba7be3dff30012943a5b4405fdd7cf68d
start_decupagem_ui.bat	26	Triagem estática/textual		d92e4cf3c1dd7f79d2a96db00a7ab3599446e1500a031be81f090b359edf79ae
start_hunyuan3d_download.bat	5	Triagem estática/textual		94d1b73d7d759f70b9e459e4e347f3e41e4f3faadb75814e7f73c38469a192af
start_img2threejs_viewer.bat	29	Triagem estática/textual		3002901df5bd9533ddc4c7e2b6b9a6db3453fc46201901ba912042ef550e25d9
start_lora_storyboard_test.bat	30	Triagem estática/textual		52cb71d24171825448aa13ee80d5e171b514cccc4aa48d001a11cd8985d7f32f
start_minimax_h3_test.bat	30	Triagem estática/textual		ffe4917170bca933887e1676cf96232241a6b880b886ae3643a975618a3f85ac
start_music_video.bat	54	Triagem estática/textual		007a6cd1aa923b0469f011e9d697909c2e6d0289e0da5944f1ec1816e1bd6049
start_music_video_gguf.bat	43	Triagem estática/textual		0f9e348678bca3172191ed8c752ce1af293c6de362be9771daeeac65ed2a6fa2
start_music_video_v2.bat	57	Triagem estática/textual		e03803e9d7b4f6ac17dbaa196972768dc0bf7658a2dcca7091704cfecf3b69cd
start_music_video_v2.prev.bat	18	Triagem estática/textual		e31c581b2ddf0a8e5b83514005058b6ce05bd92ce44bf61718fa64d4e68e9919
start_music_video_v2_25.bat	73	Triagem estática/textual		1b02d44f3560e89c337d93b19a970683b630e6338e66bbf6da6ce066633cfe62
start_music_video_v3.bat	60	Triagem estática/textual		10d7138765721c8a5c3aca0c1721edfd15f539b58213a50d7551a0a104df470e
start_music_video_v3_25.bat	73	Triagem estática/textual		c65536613deb54eff6d57c0460c321ad09ceb6b2a7cf53fb402a1f787ba0e050
start_qwen_claude_web.bat	9	Triagem estática/textual		be71054b1158687c7226a619bb8c13c9bfd00f4aa60f3edcac08067eecb8dcca
start_screenplay_25.bat	73	Triagem estática/textual		46513d72384b9868d5835d985b40218ab96b358a2a8d8cfe5a9dc9dee54045c1
start_screenplay_ui.bat	34	Triagem estática/textual		389368bfa4c23db06949092ec6a37ee235b1f333627840cdc9d55d06a5b4a93a
start_storyplay25.bat	78	Triagem estática/textual		8f732da4473b015006076474acffef765dddbf1fbb050704df252444d4ce163d
start_tensorRT_studio.bat	25	Triagem estática/textual		6f3b4e368fc7d24013599ad119686d92802e1625d10ca71e533f314019ef70f3
start_tensorRT_v2.bat	50	Triagem estática/textual		6e09a68af36cc50ef12f7b88db6cb61a399d65a8095ee0df05d0028aa0a1da77
start_tensorRT_v3.bat	54	Triagem estática/textual		9272fa4f3ee847df78768bf1a81a20ae18eb385c315d28fdc2b2b788466d2e81
start_tensorRT_webui.bat	25	Triagem estática/textual		1b692324d67c75f4ba3da55e4d48d7fbab133c0c983642d9a6397198e8b75f72
start_tensorxx_ge.bat	22	Triagem estática/textual		b83150788a6a52af2725569c23b7cb7836d89db348221d4f617884e3b1bf2eca
start_video_doctor.bat	42	Triagem estática/textual		ac4e0bc438699365b2d24895d2b05f457240226e4f2e234ab703aa9fde12a95a
start_webui.bat	73	Triagem estática/textual		1ac0214d85c7d8655bc165866fdd48e7c52bdd768750ca9d44858737cccf4afe
start_webui_25.bat	67	Triagem estática/textual		20d17e148dc6f09eb460b4ece979738457ca0fe738caa0cd2c4cdd37522f6473
storyplay25.py	541	Triagem estática/textual		ec4dfe42b5f2dee2df57987f89ea74508c92926be115201b1324f0ffcc37ddb7
symplectic_experiment/agregar_cv.py	96	Triagem estática/textual		cf48e75b22cfdbe23fe77cda254d7c940ad2a90f548646ff11b798746144a971
symplectic_experiment/baseline_predictor.py	39	Triagem estática/textual		132deda772296d136cf6cf361204f77d14ae1484deec76bc3ce33e41c718d551
symplectic_experiment/decode_predictions.py	163	Triagem estática/textual		48030e1214d2251697e603d78c090896e177a634aa3a0b9bd16b50e1a5934015
symplectic_experiment/extract_latents.py	118	Triagem estática/textual		7e24d49ce7bacb16d53de5602b3aafe487b50b5212060ddea3ae449b071f91f3
symplectic_experiment/hamiltonian.py	116	Triagem estática/textual		707b1e20fb871b07362ab0505dbb99bc6b608539d2b7ee7bdcf79e92abaf7231
symplectic_experiment/inr_decoder.py	73	Triagem estática/textual		290f52e63c1f7d2cab67610660a07cc2a2ce4124db3f41afad6bf5d13a9441f6
symplectic_experiment/pf_ode.py	74	Triagem estática/textual		4a1d148dea0f4e9e26b14001c6616d66d0c637121b597d1a2cd49c79d6e16dbc
symplectic_experiment/rectified_flow.py	88	Triagem estática/textual		88574aca6a27c7360caed513a4a63daaaca441ea81bd5f23e3d913808affab1b
symplectic_experiment/score_model.py	43	Triagem estática/textual		6491b937e358dd93783b4e67e05c3d587de7b39dfe1ab82fbcea319f2b1d9245
symplectic_experiment/toy_dataset.py	47	Triagem estática/textual		b353ae40a1085b168a4f598ea17a969cdf4a5fe2b1a9125a4e7448e3a45d0b10
symplectic_experiment/toy_video_distribution.py	49	Triagem estática/textual		769fb9766ae777282795d81062219eca8a4ff7cd9f116e24bc9834cb8ddf00cd
symplectic_experiment/train_compare.py	189	Triagem estática/textual		3f751cc372c757b47eee066c74e87f120fa7321743a53fd87e65ed41f21a1a80
symplectic_experiment/train_dissipative.py	233	Triagem estática/textual		49fa4f41d44fcb07f32984a8a883950e5132e741fd0b2556ddf6b195d237d9aa
symplectic_experiment/train_dynamics_only.py	191	Triagem estática/textual		f2a0efac15cd671679b01c785a299eb53a8b46c73f3083da3888fccbd885f3f4
symplectic_experiment/train_hybrid.py	373	Triagem estática/textual		4b44d77519d93f4d4f26f8840c64ea94d9290441542d5e56c0cf5efeea3eb33f
symplectic_experiment/train_latent_dynamics.py	474	Triagem estática/textual		4e4f2f5fc20e7aded80a0bd599ede6f98f3f26c58176703a0f0f9a85598e7cb1
symplectic_experiment/train_pf_ode.py	111	Triagem estática/textual		25b0141cbd826812093af5eccf8f03af2a88b329068f9d82414975a785806bbd
symplectic_experiment/train_rectified_flow.py	97	Triagem estática/textual		7087bcddb46c59b3bad24d61e99e44968cf11a8334a8dea012f07f2d3e682293
symplectic_experiment/train_toy.py	108	Triagem estática/textual		be4ccb6b14a27bc6fc7512d0499d8a14e4d250ad2784e408783295da5052ab7f
symplectic_experiment/vae_roundtrip.py	147	Triagem estática/textual		dcdabbcc35856bafcb5df3187eb47f6837547e6a6cd68ca738d871c90cfeb36f
symplectic_experiment/velocity_model.py	42	Triagem estática/textual		aecc5b0e179605eed6adb9345360953ca22bc9f5193001e3fb1f57b5c1a5e791
test_generation.py	100	Triagem estática/textual		5fe4c7579e2923d28a1d4b87e9a51dc6b777038e822626678b2f18b5c8ddd9f5
test_quem_slice_remote.py	11	Triagem estática/textual		205661d401a3726af73de6d2b5b1bdacf7d8571de84cb38e46d7fb8e6429d1f1
tests/__init__.py	0	Triagem estática/textual		e3b0c44298fc1c149afbf4c8996fb92427ae41e4649b934ca495991b7852b855
tests/test_auditoria_20260913.py	81	Revisão dirigida + triagem		5d7a215ec8d95f331d818478b8270eba6055a6c662cd203422230cd7dff95165
tests/test_limpar_cache_stills.py	54	Revisão dirigida + triagem		44465d0d85c0c6872060f14388e03270ce487b4d5169e2e8d4b78647c81cfe48
tests/test_ltx_loras.py	233	Triagem estática/textual		c67c0b40e730fe5e3b58e5608b187020634e03a0a828f224b360eee8810c9af3
tests/test_minimax_h3_test_ui.py	43	Revisão dirigida + triagem		d33e69c3a6a8fe8f8f69a6ff8e84c7bb9808de201b915be149869dbb5638ca53
tests/test_optimization_paths.py	76	Revisão dirigida + triagem		84e4a79d3bb7b93cd72053de84fb40e127bd9f586b3055955e7fe8210b00ac20
tests/test_pipeline_smoke.py	233	Revisão dirigida + triagem		f71ec53f68fbb40ddf80dcac1067e16f480ebde698a242c2d15257ff645fae29
tests/test_tensorxx_ge.py	85	Revisão dirigida + triagem		bec5390d1fd203de61b0515b75e4213e9df74c8bc0e958b2af6073be45f76a5c
transcribe_vocals.py	46	Triagem estática/textual		fe35fd1ce7214ffb6b0f493fc9523ecf3e36d7be5afad721944dd9c0a7d68fbb
upscale_film.ps1	40	Revisão dirigida + triagem	A12,A13	897d2a8b55dbd9173d5e5b287e2dad7b1dfc4b38eb97756953e39e960d085f74
upscale_video.ps1	35	Revisão dirigida + triagem	A12,A13	1f86459a431ecbade32efff581c0de669e64eeec4a8e022652d51be52c986740
v2_generation_smoke_test.py	41	Triagem estática/textual		f78bf0ad42ed9f21dd24e39a4787379dfbb9d2de68795b973ddd039f2223fd6b
video_doctor.py	916	Triagem estática/textual		eeb51e66c705ef377e73e4d63351748f5f8f720b7f6136a38d77b5ccd614ff48
video_doctor_ui.py	181	Triagem estática/textual		9672389f92bcb6ab0c28e1366d2888026c50830ab7b2667c3590b084d640a42a
wav2lip_scene_smoke_test.py	10	Triagem estática/textual		b3cc91242140970c614e4af0b43d8c8ddb2d1e7c26878ee2f480bbbc1f9cc8af
web_ui_v2.py	321	Triagem estática/textual		5a60becdb28ae864fbb65a3e04a92cda761fbfab8d3621f062e471cef3f3fe90
web_ui_v4.py	708	Triagem estática/textual		a4e9d1d4b3130fd24f8c3ec199eb8250684217a11776e44c4aca02a6cc5807b7
web_ui_v4_25.py	738	Triagem estática/textual		acca750f042f93dc642af49d9f6815b09302b180b169575ce6ede95de8a51f29
